Workbook
Name BufferDays: Settings!$B$5
Name Holidays: Holidays!$A$2:$A$60
Name HoursPerDay: Settings!$B$4
Name StartDate: Settings!$B$3

Sheet Settings
A1: All Module Estimations — Schedule Settings
A3: Project Start Date | B3: 46219
A4: Working Hours / Day | B4: 7
A5: Buffer Between Modules (working days) | B5: 7
A8: Module Order
A9: # | B9: Module | C9: Module Start Date | D9: Day Zero (helper)
A10: 1 | B10: Execution | C10: =$B$3 -> 46219 | D10: =WORKDAY($C10,-1,Holidays) -> 46218
A11: 2 | B11: Admin | C11: =WORKDAY('All Modules WBS'!$J$2,$B$5+1,Holidays) -> 46260 | D11: =WORKDAY($C11,-1,Holidays) -> 46259
A12: 3 | B12: Safety | C12: =WORKDAY('All Modules WBS'!$J$223,$B$5+1,Holidays) -> 46293 | D12: =WORKDAY($C12,-1,Holidays) -> 46290
A13: 4 | B13: P&M | C13: =WORKDAY('All Modules WBS'!$J$433,$B$5+1,Holidays) -> 46336 | D13: =WORKDAY($C13,-1,Holidays) -> 46335
A14: 5 | B14: Store | C14: =WORKDAY('All Modules WBS'!$J$620,$B$5+1,Holidays) -> 46401 | D14: =WORKDAY($C14,-1,Holidays) -> 46400
A18: HOW THIS FILE WORKS:
A19: 1. Working hours per day = 7 (editable above). The schedule is calculated in WORKING HOURS, so several small tasks
A20: can be completed on the same day. "Start Hr"/"End Hr" = cumulative working hours of that developer within the module.
A21: 2. All developers work IN PARALLEL: each developer completes his own tasks one after another (top to bottom),
A22: so a module finishes when its busiest developer finishes.
A23: 3. Modules run sequentially: Execution -> Admin -> Safety -> P&M -> Store, with a 3-working-day buffer between modules.
A24: 4. Saturdays, Sundays and all dates on the "Holidays" sheet are excluded automatically.
A25: 5. Everything is live formulas — change Start Date, Hours/Day, Buffer, any Estimated Hours, or any Start Hr,
A26: and every downstream task, Epic, Module and Developer date updates automatically (cascades across modules too).
A27: 6. 0-hour tasks are milestones (consume no time). Epic / User Story / Project rows roll up from their children.

Sheet Holidays
A1: Holiday Date | B1: Holiday Name
A2: 46249 | B2: Independence Day (Saturday) | D2: Add / edit company holidays in column A (rows 2-60); they are excluded from the schedule automatically.
A3: 46297 | B3: Gandhi Jayanti
A4: 46381 | B4: Christmas Day
A5: 46413 | B5: Republic Day

Sheet All Modules WBS
A1: Module | B1: WBS ID | C1: Task Name | D1: Type | E1: Estimated Hours | F1: Developer | G1: Start Hr | H1: End Hr | I1: Start Date | J1: End Date
A2: Execution | B2: 1 | C2: HIMAPP 2.0 — SITE EXECUTION MODULE — Implementation | D2: Project | E2: =SUMIF($D3:$D222,"Task",$E3:$E222) -> 564 | I2: =MIN($I3:$I222) -> 46219 | J2: =MAX($J3:$J222) -> 46248
A3: Execution | B3: 1.1 | C3: Epic 1: Manpower & Labour Deployment (AM Entry) | D3: Epic | E3: =SUMIF($D4:$D18,"Task",$E4:$E18) -> 40 | I3: =MIN($I4:$I18) -> 46219 | J3: =MAX($J4:$J18) -> 46223
A4: Execution | B4: 1.1.1 | C4: US-01: Field Engineer Logs Morning Manpower Deployment | D4: User Story | E4: =SUMIF($D5:$D8,"Task",$E5:$E8) -> 20 | I4: =MIN($I5:$I8) -> 46219 | J4: =MAX($J5:$J8) -> 46220
A5: Execution | B5: 1.1.1.1 | C5: Database | D5: Task | E5: 3 | F5: Ronak | G5: =0 -> 0 | H5: =$G5+$E5 -> 3 | I5: =WORKDAY(Settings!$D$10,INT($G5/HoursPerDay)+1,Holidays) -> 46219 | J5: =IF($E5=0,$I5,WORKDAY(Settings!$D$10,ROUNDUP($H5/HoursPerDay,0),Holidays)) -> 46219
A6: Execution | B6: 1.1.1.2 | C6: Backend API | D6: Task | E6: 6 | F6: Ronak | G6: =$H$5 -> 3 | H6: =$G6+$E6 -> 9 | I6: =WORKDAY(Settings!$D$10,INT($G6/HoursPerDay)+1,Holidays) -> 46219 | J6: =IF($E6=0,$I6,WORKDAY(Settings!$D$10,ROUNDUP($H6/HoursPerDay,0),Holidays)) -> 46220
A7: Execution | B7: 1.1.1.3 | C7: Web Front End | D7: Task | E7: 5 | F7: Soumy | G7: =0 -> 0 | H7: =$G7+$E7 -> 5 | I7: =WORKDAY(Settings!$D$10,INT($G7/HoursPerDay)+1,Holidays) -> 46219 | J7: =IF($E7=0,$I7,WORKDAY(Settings!$D$10,ROUNDUP($H7/HoursPerDay,0),Holidays)) -> 46219
A8: Execution | B8: 1.1.1.4 | C8: Mobile | D8: Task | E8: 6 | F8: Hardik | G8: =0 -> 0 | H8: =$G8+$E8 -> 6 | I8: =WORKDAY(Settings!$D$10,INT($G8/HoursPerDay)+1,Holidays) -> 46219 | J8: =IF($E8=0,$I8,WORKDAY(Settings!$D$10,ROUNDUP($H8/HoursPerDay,0),Holidays)) -> 46219
A9: Execution | B9: 1.1.2 | C9: US-02: System Carries Saved Manpower Forward into Daily DPR | D9: User Story | E9: =SUMIF($D10:$D13,"Task",$E10:$E13) -> 10 | I9: =MIN($I10:$I13) -> 46219 | J9: =MAX($J10:$J13) -> 46220
A10: Execution | B10: 1.1.2.1 | C10: Database | D10: Task | E10: 2 | F10: Ronak | G10: =$H$6 -> 9 | H10: =$G10+$E10 -> 11 | I10: =WORKDAY(Settings!$D$10,INT($G10/HoursPerDay)+1,Holidays) -> 46220 | J10: =IF($E10=0,$I10,WORKDAY(Settings!$D$10,ROUNDUP($H10/HoursPerDay,0),Holidays)) -> 46220
A11: Execution | B11: 1.1.2.2 | C11: Backend API | D11: Task | E11: 3 | F11: Ronak | G11: =$H$10 -> 11 | H11: =$G11+$E11 -> 14 | I11: =WORKDAY(Settings!$D$10,INT($G11/HoursPerDay)+1,Holidays) -> 46220 | J11: =IF($E11=0,$I11,WORKDAY(Settings!$D$10,ROUNDUP($H11/HoursPerDay,0),Holidays)) -> 46220
A12: Execution | B12: 1.1.2.3 | C12: Web Front End | D12: Task | E12: 3 | F12: Soumy | G12: =$H$7 -> 5 | H12: =$G12+$E12 -> 8 | I12: =WORKDAY(Settings!$D$10,INT($G12/HoursPerDay)+1,Holidays) -> 46219 | J12: =IF($E12=0,$I12,WORKDAY(Settings!$D$10,ROUNDUP($H12/HoursPerDay,0),Holidays)) -> 46220
A13: Execution | B13: 1.1.2.4 | C13: Mobile | D13: Task | E13: 2 | F13: Hardik | G13: =$H$8 -> 6 | H13: =$G13+$E13 -> 8 | I13: =WORKDAY(Settings!$D$10,INT($G13/HoursPerDay)+1,Holidays) -> 46219 | J13: =IF($E13=0,$I13,WORKDAY(Settings!$D$10,ROUNDUP($H13/HoursPerDay,0),Holidays)) -> 46220
A14: Execution | B14: 1.1.3 | C14: US-03: Add, Tag, and Remove Contractors with Work Category | D14: User Story | E14: =SUMIF($D15:$D18,"Task",$E15:$E18) -> 10 | I14: =MIN($I15:$I18) -> 46220 | J14: =MAX($J15:$J18) -> 46223
A15: Execution | B15: 1.1.3.1 | C15: Database | D15: Task | E15: 2 | F15: Ronak | G15: =$H$11 -> 14 | H15: =$G15+$E15 -> 16 | I15: =WORKDAY(Settings!$D$10,INT($G15/HoursPerDay)+1,Holidays) -> 46223 | J15: =IF($E15=0,$I15,WORKDAY(Settings!$D$10,ROUNDUP($H15/HoursPerDay,0),Holidays)) -> 46223
A16: Execution | B16: 1.1.3.2 | C16: Backend API | D16: Task | E16: 3 | F16: Ronak | G16: =$H$15 -> 16 | H16: =$G16+$E16 -> 19 | I16: =WORKDAY(Settings!$D$10,INT($G16/HoursPerDay)+1,Holidays) -> 46223 | J16: =IF($E16=0,$I16,WORKDAY(Settings!$D$10,ROUNDUP($H16/HoursPerDay,0),Holidays)) -> 46223
A17: Execution | B17: 1.1.3.3 | C17: Web Front End | D17: Task | E17: 3 | F17: Soumy | G17: =$H$12 -> 8 | H17: =$G17+$E17 -> 11 | I17: =WORKDAY(Settings!$D$10,INT($G17/HoursPerDay)+1,Holidays) -> 46220 | J17: =IF($E17=0,$I17,WORKDAY(Settings!$D$10,ROUNDUP($H17/HoursPerDay,0),Holidays)) -> 46220
A18: Execution | B18: 1.1.3.4 | C18: Mobile | D18: Task | E18: 2 | F18: Hardik | G18: =$H$13 -> 8 | H18: =$G18+$E18 -> 10 | I18: =WORKDAY(Settings!$D$10,INT($G18/HoursPerDay)+1,Holidays) -> 46220 | J18: =IF($E18=0,$I18,WORKDAY(Settings!$D$10,ROUNDUP($H18/HoursPerDay,0),Holidays)) -> 46220
A19: Execution | B19: 1.2 | C19: Epic 2: Site DPR & Project DPR Consolidation | D19: Epic | E19: =SUMIF($D20:$D70,"Task",$E20:$E70) -> 124 | I19: =MIN($I20:$I70) -> 46219 | J19: =MAX($J20:$J70) -> 46230
A20: Execution | B20: 1.2.1 | C20: US-04: Engineer Records Per-Section Activity Quantities Against Plan | D20: User Story | E20: =SUMIF($D21:$D24,"Task",$E21:$E24) -> 14 | I20: =MIN($I21:$I24) -> 46219 | J20: =MAX($J21:$J24) -> 46223
A21: Execution | B21: 1.2.1.1 | C21: Database | D21: Task | E21: 2 | F21: Parth Jani | G21: =0 -> 0 | H21: =$G21+$E21 -> 2 | I21: =WORKDAY(Settings!$D$10,INT($G21/HoursPerDay)+1,Holidays) -> 46219 | J21: =IF($E21=0,$I21,WORKDAY(Settings!$D$10,ROUNDUP($H21/HoursPerDay,0),Holidays)) -> 46219
A22: Execution | B22: 1.2.1.2 | C22: Backend API | D22: Task | E22: 3 | F22: Parth Jani | G22: =$H$21 -> 2 | H22: =$G22+$E22 -> 5 | I22: =WORKDAY(Settings!$D$10,INT($G22/HoursPerDay)+1,Holidays) -> 46219 | J22: =IF($E22=0,$I22,WORKDAY(Settings!$D$10,ROUNDUP($H22/HoursPerDay,0),Holidays)) -> 46219
A23: Execution | B23: 1.2.1.3 | C23: Web Front End | D23: Task | E23: 4 | F23: Soumy | G23: =$H$17 -> 11 | H23: =$G23+$E23 -> 15 | I23: =WORKDAY(Settings!$D$10,INT($G23/HoursPerDay)+1,Holidays) -> 46220 | J23: =IF($E23=0,$I23,WORKDAY(Settings!$D$10,ROUNDUP($H23/HoursPerDay,0),Holidays)) -> 46223
A24: Execution | B24: 1.2.1.4 | C24: Mobile | D24: Task | E24: 5 | F24: Hardik | G24: =$H$18 -> 10 | H24: =$G24+$E24 -> 15 | I24: =WORKDAY(Settings!$D$10,INT($G24/HoursPerDay)+1,Holidays) -> 46220 | J24: =IF($E24=0,$I24,WORKDAY(Settings!$D$10,ROUNDUP($H24/HoursPerDay,0),Holidays)) -> 46223
A25: Execution | B25: 1.2.2 | C25: US-05: QS Enters Quantities via Cross-Section Quantity Matrix | D25: User Story | E25: =SUMIF($D26:$D29,"Task",$E26:$E29) -> 13 | I25: =MIN($I26:$I29) -> 46219 | J25: =MAX($J26:$J29) -> 46223
A26: Execution | B26: 1.2.2.1 | C26: Database | D26: Task | E26: 2 | F26: Parth Jani | G26: =$H$22 -> 5 | H26: =$G26+$E26 -> 7 | I26: =WORKDAY(Settings!$D$10,INT($G26/HoursPerDay)+1,Holidays) -> 46219 | J26: =IF($E26=0,$I26,WORKDAY(Settings!$D$10,ROUNDUP($H26/HoursPerDay,0),Holidays)) -> 46219
A27: Execution | B27: 1.2.2.2 | C27: Backend API | D27: Task | E27: 4 | F27: Parth Jani | G27: =$H$26 -> 7 | H27: =$G27+$E27 -> 11 | I27: =WORKDAY(Settings!$D$10,INT($G27/HoursPerDay)+1,Holidays) -> 46220 | J27: =IF($E27=0,$I27,WORKDAY(Settings!$D$10,ROUNDUP($H27/HoursPerDay,0),Holidays)) -> 46220
A28: Execution | B28: 1.2.2.3 | C28: Web Front End | D28: Task | E28: 4 | F28: Soumy | G28: =$H$23 -> 15 | H28: =$G28+$E28 -> 19 | I28: =WORKDAY(Settings!$D$10,INT($G28/HoursPerDay)+1,Holidays) -> 46223 | J28: =IF($E28=0,$I28,WORKDAY(Settings!$D$10,ROUNDUP($H28/HoursPerDay,0),Holidays)) -> 46223
A29: Execution | B29: 1.2.2.4 | C29: Mobile | D29: Task | E29: 3 | F29: Hardik | G29: =$H$24 -> 15 | H29: =$G29+$E29 -> 18 | I29: =WORKDAY(Settings!$D$10,INT($G29/HoursPerDay)+1,Holidays) -> 46223 | J29: =IF($E29=0,$I29,WORKDAY(Settings!$D$10,ROUNDUP($H29/HoursPerDay,0),Holidays)) -> 46223
A30: Execution | B30: 1.2.3 | C30: US-06: Bulk Quantity Entry via Excel Template Upload | D30: User Story | E30: =SUMIF($D31:$D33,"Task",$E31:$E33) -> 12 | I30: =MIN($I31:$I33) -> 46220 | J30: =MAX($J31:$J33) -> 46224
A31: Execution | B31: 1.2.3.1 | C31: Database | D31: Task | E31: 1 | F31: Parth Jani | G31: =$H$27 -> 11 | H31: =$G31+$E31 -> 12 | I31: =WORKDAY(Settings!$D$10,INT($G31/HoursPerDay)+1,Holidays) -> 46220 | J31: =IF($E31=0,$I31,WORKDAY(Settings!$D$10,ROUNDUP($H31/HoursPerDay,0),Holidays)) -> 46220
A32: Execution | B32: 1.2.3.2 | C32: Backend API | D32: Task | E32: 6 | F32: Parth Jani | G32: =$H$31 -> 12 | H32: =$G32+$E32 -> 18 | I32: =WORKDAY(Settings!$D$10,INT($G32/HoursPerDay)+1,Holidays) -> 46220 | J32: =IF($E32=0,$I32,WORKDAY(Settings!$D$10,ROUNDUP($H32/HoursPerDay,0),Holidays)) -> 46223
A33: Execution | B33: 1.2.3.3 | C33: Web Front End | D33: Task | E33: 5 | F33: Soumy | G33: =$H$28 -> 19 | H33: =$G33+$E33 -> 24 | I33: =WORKDAY(Settings!$D$10,INT($G33/HoursPerDay)+1,Holidays) -> 46223 | J33: =IF($E33=0,$I33,WORKDAY(Settings!$D$10,ROUNDUP($H33/HoursPerDay,0),Holidays)) -> 46224
A34: Execution | B34: 1.2.4 | C34: US-07: Capture Hindrances with Auto-Classification | D34: User Story | E34: =SUMIF($D35:$D38,"Task",$E35:$E38) -> 12 | I34: =MIN($I35:$I38) -> 46223 | J34: =MAX($J35:$J38) -> 46224
A35: Execution | B35: 1.2.4.1 | C35: Database | D35: Task | E35: 1 | F35: Parth Jani | G35: =$H$32 -> 18 | H35: =$G35+$E35 -> 19 | I35: =WORKDAY(Settings!$D$10,INT($G35/HoursPerDay)+1,Holidays) -> 46223 | J35: =IF($E35=0,$I35,WORKDAY(Settings!$D$10,ROUNDUP($H35/HoursPerDay,0),Holidays)) -> 46223
A36: Execution | B36: 1.2.4.2 | C36: Backend API | D36: Task | E36: 4 | F36: Parth Jani | G36: =$H$35 -> 19 | H36: =$G36+$E36 -> 23 | I36: =WORKDAY(Settings!$D$10,INT($G36/HoursPerDay)+1,Holidays) -> 46223 | J36: =IF($E36=0,$I36,WORKDAY(Settings!$D$10,ROUNDUP($H36/HoursPerDay,0),Holidays)) -> 46224
A37: Execution | B37: 1.2.4.3 | C37: Web Front End | D37: Task | E37: 4 | F37: Soumy | G37: =$H$33 -> 24 | H37: =$G37+$E37 -> 28 | I37: =WORKDAY(Settings!$D$10,INT($G37/HoursPerDay)+1,Holidays) -> 46224 | J37: =IF($E37=0,$I37,WORKDAY(Settings!$D$10,ROUNDUP($H37/HoursPerDay,0),Holidays)) -> 46224
A38: Execution | B38: 1.2.4.4 | C38: Mobile | D38: Task | E38: 3 | F38: Hardik | G38: =$H$29 -> 18 | H38: =$G38+$E38 -> 21 | I38: =WORKDAY(Settings!$D$10,INT($G38/HoursPerDay)+1,Holidays) -> 46223 | J38: =IF($E38=0,$I38,WORKDAY(Settings!$D$10,ROUNDUP($H38/HoursPerDay,0),Holidays)) -> 46223
A39: Execution | B39: 1.2.5 | C39: US-08: Capture GPS Tag and Site Photo for Daily Record | D39: User Story | E39: =SUMIF($D40:$D43,"Task",$E40:$E43) -> 12 | I39: =MIN($I40:$I43) -> 46224 | J39: =MAX($J40:$J43) -> 46225
A40: Execution | B40: 1.2.5.1 | C40: Database | D40: Task | E40: 1 | F40: Parth Jani | G40: =$H$36 -> 23 | H40: =$G40+$E40 -> 24 | I40: =WORKDAY(Settings!$D$10,INT($G40/HoursPerDay)+1,Holidays) -> 46224 | J40: =IF($E40=0,$I40,WORKDAY(Settings!$D$10,ROUNDUP($H40/HoursPerDay,0),Holidays)) -> 46224
A41: Execution | B41: 1.2.5.2 | C41: Backend API | D41: Task | E41: 3 | F41: Parth Jani | G41: =$H$40 -> 24 | H41: =$G41+$E41 -> 27 | I41: =WORKDAY(Settings!$D$10,INT($G41/HoursPerDay)+1,Holidays) -> 46224 | J41: =IF($E41=0,$I41,WORKDAY(Settings!$D$10,ROUNDUP($H41/HoursPerDay,0),Holidays)) -> 46224
A42: Execution | B42: 1.2.5.3 | C42: Web Front End | D42: Task | E42: 2 | F42: Soumy | G42: =$H$37 -> 28 | H42: =$G42+$E42 -> 30 | I42: =WORKDAY(Settings!$D$10,INT($G42/HoursPerDay)+1,Holidays) -> 46225 | J42: =IF($E42=0,$I42,WORKDAY(Settings!$D$10,ROUNDUP($H42/HoursPerDay,0),Holidays)) -> 46225
A43: Execution | B43: 1.2.5.4 | C43: Mobile | D43: Task | E43: 6 | F43: Hardik | G43: =$H$38 -> 21 | H43: =$G43+$E43 -> 27 | I43: =WORKDAY(Settings!$D$10,INT($G43/HoursPerDay)+1,Holidays) -> 46224 | J43: =IF($E43=0,$I43,WORKDAY(Settings!$D$10,ROUNDUP($H43/HoursPerDay,0),Holidays)) -> 46224
A44: Execution | B44: 1.2.6 | C44: US-09: Capture Tomorrow's Plan Note | D44: User Story | E44: =SUMIF($D45:$D48,"Task",$E45:$E48) -> 6 | I44: =MIN($I45:$I48) -> 46224 | J44: =MAX($J45:$J48) -> 46225
A45: Execution | B45: 1.2.6.1 | C45: Database | D45: Task | E45: 1 | F45: Parth Jani | G45: =$H$41 -> 27 | H45: =$G45+$E45 -> 28 | I45: =WORKDAY(Settings!$D$10,INT($G45/HoursPerDay)+1,Holidays) -> 46224 | J45: =IF($E45=0,$I45,WORKDAY(Settings!$D$10,ROUNDUP($H45/HoursPerDay,0),Holidays)) -> 46224
A46: Execution | B46: 1.2.6.2 | C46: Backend API | D46: Task | E46: 2 | F46: Parth Jani | G46: =$H$45 -> 28 | H46: =$G46+$E46 -> 30 | I46: =WORKDAY(Settings!$D$10,INT($G46/HoursPerDay)+1,Holidays) -> 46225 | J46: =IF($E46=0,$I46,WORKDAY(Settings!$D$10,ROUNDUP($H46/HoursPerDay,0),Holidays)) -> 46225
A47: Execution | B47: 1.2.6.3 | C47: Web Front End | D47: Task | E47: 2 | F47: Soumy | G47: =$H$42 -> 30 | H47: =$G47+$E47 -> 32 | I47: =WORKDAY(Settings!$D$10,INT($G47/HoursPerDay)+1,Holidays) -> 46225 | J47: =IF($E47=0,$I47,WORKDAY(Settings!$D$10,ROUNDUP($H47/HoursPerDay,0),Holidays)) -> 46225
A48: Execution | B48: 1.2.6.4 | C48: Mobile | D48: Task | E48: 1 | F48: Hardik | G48: =$H$43 -> 27 | H48: =$G48+$E48 -> 28 | I48: =WORKDAY(Settings!$D$10,INT($G48/HoursPerDay)+1,Holidays) -> 46224 | J48: =IF($E48=0,$I48,WORKDAY(Settings!$D$10,ROUNDUP($H48/HoursPerDay,0),Holidays)) -> 46224
A49: Execution | B49: 1.2.7 | C49: US-10: System Calculates DPR Completion % from Required Inputs | D49: User Story | E49: =SUMIF($D50:$D52,"Task",$E50:$E52) -> 7 | I49: =MIN($I50:$I52) -> 46225 | J49: =MAX($J50:$J52) -> 46225
A50: Execution | B50: 1.2.7.2 | C50: Backend API | D50: Task | E50: 2 | F50: Parth Jani | G50: =$H$46 -> 30 | H50: =$G50+$E50 -> 32 | I50: =WORKDAY(Settings!$D$10,INT($G50/HoursPerDay)+1,Holidays) -> 46225 | J50: =IF($E50=0,$I50,WORKDAY(Settings!$D$10,ROUNDUP($H50/HoursPerDay,0),Holidays)) -> 46225
A51: Execution | B51: 1.2.7.3 | C51: Web Front End | D51: Task | E51: 2 | F51: Soumy | G51: =$H$47 -> 32 | H51: =$G51+$E51 -> 34 | I51: =WORKDAY(Settings!$D$10,INT($G51/HoursPerDay)+1,Holidays) -> 46225 | J51: =IF($E51=0,$I51,WORKDAY(Settings!$D$10,ROUNDUP($H51/HoursPerDay,0),Holidays)) -> 46225
A52: Execution | B52: 1.2.7.4 | C52: Mobile | D52: Task | E52: 3 | F52: Hardik | G52: =$H$48 -> 28 | H52: =$G52+$E52 -> 31 | I52: =WORKDAY(Settings!$D$10,INT($G52/HoursPerDay)+1,Holidays) -> 46225 | J52: =IF($E52=0,$I52,WORKDAY(Settings!$D$10,ROUNDUP($H52/HoursPerDay,0),Holidays)) -> 46225
A53: Execution | B53: 1.2.8 | C53: US-11: Engineer Submits DPR for Manager Approval | D53: User Story | E53: =SUMIF($D54:$D56,"Task",$E54:$E56) -> 11 | I53: =MIN($I54:$I56) -> 46225 | J53: =MAX($J54:$J56) -> 46226
A54: Execution | B54: 1.2.8.2 | C54: Backend API | D54: Task | E54: 4 | F54: Parth Jani | G54: =$H$50 -> 32 | H54: =$G54+$E54 -> 36 | I54: =WORKDAY(Settings!$D$10,INT($G54/HoursPerDay)+1,Holidays) -> 46225 | J54: =IF($E54=0,$I54,WORKDAY(Settings!$D$10,ROUNDUP($H54/HoursPerDay,0),Holidays)) -> 46226
A55: Execution | B55: 1.2.8.3 | C55: Web Front End | D55: Task | E55: 4 | F55: Soumy | G55: =$H$51 -> 34 | H55: =$G55+$E55 -> 38 | I55: =WORKDAY(Settings!$D$10,INT($G55/HoursPerDay)+1,Holidays) -> 46225 | J55: =IF($E55=0,$I55,WORKDAY(Settings!$D$10,ROUNDUP($H55/HoursPerDay,0),Holidays)) -> 46226
A56: Execution | B56: 1.2.8.4 | C56: Mobile | D56: Task | E56: 3 | F56: Hardik | G56: =$H$52 -> 31 | H56: =$G56+$E56 -> 34 | I56: =WORKDAY(Settings!$D$10,INT($G56/HoursPerDay)+1,Holidays) -> 46225 | J56: =IF($E56=0,$I56,WORKDAY(Settings!$D$10,ROUNDUP($H56/HoursPerDay,0),Holidays)) -> 46225
A57: Execution | B57: 1.2.9 | C57: US-12: Manager Approves or Reopens Submitted DPR | D57: User Story | E57: =SUMIF($D58:$D60,"Task",$E58:$E60) -> 11 | I57: =MIN($I58:$I60) -> 46225 | J57: =MAX($J58:$J60) -> 46226
A58: Execution | B58: 1.2.9.2 | C58: Backend API | D58: Task | E58: 3 | F58: Parth Jani | G58: =$H$54 -> 36 | H58: =$G58+$E58 -> 39 | I58: =WORKDAY(Settings!$D$10,INT($G58/HoursPerDay)+1,Holidays) -> 46226 | J58: =IF($E58=0,$I58,WORKDAY(Settings!$D$10,ROUNDUP($H58/HoursPerDay,0),Holidays)) -> 46226
A59: Execution | B59: 1.2.9.3 | C59: Mobile | D59: Task | E59: 4 | F59: Hardik | G59: =$H$56 -> 34 | H59: =$G59+$E59 -> 38 | I59: =WORKDAY(Settings!$D$10,INT($G59/HoursPerDay)+1,Holidays) -> 46225 | J59: =IF($E59=0,$I59,WORKDAY(Settings!$D$10,ROUNDUP($H59/HoursPerDay,0),Holidays)) -> 46226
A60: Execution | B60: 1.2.9.3 | C60: Web Front End | D60: Task | E60: 4 | F60: Soumy | G60: =$H$55 -> 38 | H60: =$G60+$E60 -> 42 | I60: =WORKDAY(Settings!$D$10,INT($G60/HoursPerDay)+1,Holidays) -> 46226 | J60: =IF($E60=0,$I60,WORKDAY(Settings!$D$10,ROUNDUP($H60/HoursPerDay,0),Holidays)) -> 46226
A61: Execution | B61: 1.2.10 | C61: US-13: Share DPR via WhatsApp and Export as PDF | D61: User Story | E61: =SUMIF($D62:$D65,"Task",$E62:$E65) -> 11 | I61: =MIN($I62:$I65) -> 46226 | J61: =MAX($J62:$J65) -> 46227
A62: Execution | B62: 1.2.10.1 | C62: Database | D62: Task | E62: 1 | F62: Parth Jani | G62: =$H$58 -> 39 | H62: =$G62+$E62 -> 40 | I62: =WORKDAY(Settings!$D$10,INT($G62/HoursPerDay)+1,Holidays) -> 46226 | J62: =IF($E62=0,$I62,WORKDAY(Settings!$D$10,ROUNDUP($H62/HoursPerDay,0),Holidays)) -> 46226
A63: Execution | B63: 1.2.10.2 | C63: Backend API | D63: Task | E63: 3 | F63: Parth Jani | G63: =$H$62 -> 40 | H63: =$G63+$E63 -> 43 | I63: =WORKDAY(Settings!$D$10,INT($G63/HoursPerDay)+1,Holidays) -> 46226 | J63: =IF($E63=0,$I63,WORKDAY(Settings!$D$10,ROUNDUP($H63/HoursPerDay,0),Holidays)) -> 46227
A64: Execution | B64: 1.2.10.3 | C64: Web Front End | D64: Task | E64: 3 | F64: Soumy | G64: =$H$60 -> 42 | H64: =$G64+$E64 -> 45 | I64: =WORKDAY(Settings!$D$10,INT($G64/HoursPerDay)+1,Holidays) -> 46227 | J64: =IF($E64=0,$I64,WORKDAY(Settings!$D$10,ROUNDUP($H64/HoursPerDay,0),Holidays)) -> 46227
A65: Execution | B65: 1.2.10.4 | C65: Mobile | D65: Task | E65: 4 | F65: Hardik | G65: =$H$59 -> 38 | H65: =$G65+$E65 -> 42 | I65: =WORKDAY(Settings!$D$10,INT($G65/HoursPerDay)+1,Holidays) -> 46226 | J65: =IF($E65=0,$I65,WORKDAY(Settings!$D$10,ROUNDUP($H65/HoursPerDay,0),Holidays)) -> 46226
A66: Execution | B66: 1.2.11 | C66: US-14: QS Views Consolidated Project DPR Across All Areas | D66: User Story | E66: =SUMIF($D67:$D70,"Task",$E67:$E70) -> 15 | I66: =MIN($I67:$I70) -> 46227 | J66: =MAX($J67:$J70) -> 46230
A67: Execution | B67: 1.2.11.1 | C67: Database | D67: Task | E67: 3 | F67: Parth Jani | G67: =$H$63 -> 43 | H67: =$G67+$E67 -> 46 | I67: =WORKDAY(Settings!$D$10,INT($G67/HoursPerDay)+1,Holidays) -> 46227 | J67: =IF($E67=0,$I67,WORKDAY(Settings!$D$10,ROUNDUP($H67/HoursPerDay,0),Holidays)) -> 46227
A68: Execution | B68: 1.2.11.2 | C68: Backend API | D68: Task | E68: 4 | F68: Parth Jani | G68: =$H$67 -> 46 | H68: =$G68+$E68 -> 50 | I68: =WORKDAY(Settings!$D$10,INT($G68/HoursPerDay)+1,Holidays) -> 46227 | J68: =IF($E68=0,$I68,WORKDAY(Settings!$D$10,ROUNDUP($H68/HoursPerDay,0),Holidays)) -> 46230
A69: Execution | B69: 1.2.11.3 | C69: Mobile | D69: Task | E69: 4 | F69: Hardik | G69: =$H$65 -> 42 | H69: =$G69+$E69 -> 46 | I69: =WORKDAY(Settings!$D$10,INT($G69/HoursPerDay)+1,Holidays) -> 46227 | J69: =IF($E69=0,$I69,WORKDAY(Settings!$D$10,ROUNDUP($H69/HoursPerDay,0),Holidays)) -> 46227
A70: Execution | B70: 1.2.11.3 | C70: Web Front End | D70: Task | E70: 4 | F70: Soumy | G70: =$H$64 -> 45 | H70: =$G70+$E70 -> 49 | I70: =WORKDAY(Settings!$D$10,INT($G70/HoursPerDay)+1,Holidays) -> 46227 | J70: =IF($E70=0,$I70,WORKDAY(Settings!$D$10,ROUNDUP($H70/HoursPerDay,0),Holidays)) -> 46227
A71: Execution | B71: 1.3 | C71: Epic 3: Daily Labour Slip (DDLS) | D71: Epic | E71: =SUMIF($D72:$D99,"Task",$E72:$E99) -> 76 | I71: =MIN($I72:$I99) -> 46223 | J71: =MAX($J72:$J99) -> 46233
A72: Execution | B72: 1.3.1 | C72: US-15: User Creates a Daily Labour Slip with Auto-Priced Lines | D72: User Story | E72: =SUMIF($D73:$D76,"Task",$E73:$E76) -> 20 | I72: =MIN($I73:$I76) -> 46223 | J72: =MAX($J73:$J76) -> 46230
A73: Execution | B73: 1.3.1.1 | C73: Database | D73: Task | E73: 2 | F73: Ronak | G73: =$H$16 -> 19 | H73: =$G73+$E73 -> 21 | I73: =WORKDAY(Settings!$D$10,INT($G73/HoursPerDay)+1,Holidays) -> 46223 | J73: =IF($E73=0,$I73,WORKDAY(Settings!$D$10,ROUNDUP($H73/HoursPerDay,0),Holidays)) -> 46223
A74: Execution | B74: 1.3.1.2 | C74: Backend API | D74: Task | E74: 4 | F74: Ronak | G74: =$H$73 -> 21 | H74: =$G74+$E74 -> 25 | I74: =WORKDAY(Settings!$D$10,INT($G74/HoursPerDay)+1,Holidays) -> 46224 | J74: =IF($E74=0,$I74,WORKDAY(Settings!$D$10,ROUNDUP($H74/HoursPerDay,0),Holidays)) -> 46224
A75: Execution | B75: 1.3.1.3 | C75: Web Front End | D75: Task | E75: 6 | F75: Soumy | G75: =$H$70 -> 49 | H75: =$G75+$E75 -> 55 | I75: =WORKDAY(Settings!$D$10,INT($G75/HoursPerDay)+1,Holidays) -> 46230 | J75: =IF($E75=0,$I75,WORKDAY(Settings!$D$10,ROUNDUP($H75/HoursPerDay,0),Holidays)) -> 46230
A76: Execution | B76: 1.3.1.4 | C76: Mobile | D76: Task | E76: 8 | F76: Hardik | G76: =$H$69 -> 46 | H76: =$G76+$E76 -> 54 | I76: =WORKDAY(Settings!$D$10,INT($G76/HoursPerDay)+1,Holidays) -> 46227 | J76: =IF($E76=0,$I76,WORKDAY(Settings!$D$10,ROUNDUP($H76/HoursPerDay,0),Holidays)) -> 46230
A77: Execution | B77: 1.3.2 | C77: US-16: System Derives Work Hours, Mandays and Flags Over-Limit Lines | D77: User Story | E77: =SUMIF($D78:$D79,"Task",$E78:$E79) -> 0 | I77: =MIN($I78:$I79) -> 46224 | J77: =MAX($J78:$J79) -> 46230
A78: Execution | B78: 1.3.2.2 | C78: Backend API | D78: Task | E78: 0 | F78: Ronak | G78: =$H$74 -> 25 | H78: =$G78+$E78 -> 25 | I78: =WORKDAY(Settings!$D$10,INT($G78/HoursPerDay)+1,Holidays) -> 46224 | J78: =IF($E78=0,$I78,WORKDAY(Settings!$D$10,ROUNDUP($H78/HoursPerDay,0),Holidays)) -> 46224
A79: Execution | B79: 1.3.2.3 | C79: Web Front End | D79: Task | E79: 0 | F79: Soumy | G79: =$H$75 -> 55 | H79: =$G79+$E79 -> 55 | I79: =WORKDAY(Settings!$D$10,INT($G79/HoursPerDay)+1,Holidays) -> 46230 | J79: =IF($E79=0,$I79,WORKDAY(Settings!$D$10,ROUNDUP($H79/HoursPerDay,0),Holidays)) -> 46230
A80: Execution | B80: 1.3.3 | C80: US-17: Require Lumpsum or Exception Justification on Flagged Lines | D80: User Story | E80: =SUMIF($D81:$D83,"Task",$E81:$E83) -> 10 | I80: =MIN($I81:$I83) -> 46224 | J80: =MAX($J81:$J83) -> 46231
A81: Execution | B81: 1.3.3.2 | C81: Backend API | D81: Task | E81: 3 | F81: Ronak | G81: =$H$78 -> 25 | H81: =$G81+$E81 -> 28 | I81: =WORKDAY(Settings!$D$10,INT($G81/HoursPerDay)+1,Holidays) -> 46224 | J81: =IF($E81=0,$I81,WORKDAY(Settings!$D$10,ROUNDUP($H81/HoursPerDay,0),Holidays)) -> 46224
A82: Execution | B82: 1.3.3.3 | C82: Web Front End | D82: Task | E82: 3 | F82: Soumy | G82: =$H$79 -> 55 | H82: =$G82+$E82 -> 58 | I82: =WORKDAY(Settings!$D$10,INT($G82/HoursPerDay)+1,Holidays) -> 46230 | J82: =IF($E82=0,$I82,WORKDAY(Settings!$D$10,ROUNDUP($H82/HoursPerDay,0),Holidays)) -> 46231
A83: Execution | B83: 1.3.3.4 | C83: Mobile | D83: Task | E83: 4 | F83: Hardik | G83: =$H$76 -> 54 | H83: =$G83+$E83 -> 58 | I83: =WORKDAY(Settings!$D$10,INT($G83/HoursPerDay)+1,Holidays) -> 46230 | J83: =IF($E83=0,$I83,WORKDAY(Settings!$D$10,ROUNDUP($H83/HoursPerDay,0),Holidays)) -> 46231
A84: Execution | B84: 1.3.4 | C84: US-18: Bulk Import Labour Slip Lines via Excel | D84: User Story | E84: =SUMIF($D85:$D86,"Task",$E85:$E86) -> 12 | I84: =MIN($I85:$I86) -> 46225 | J84: =MAX($J85:$J86) -> 46231
A85: Execution | B85: 1.3.4.2 | C85: Backend API | D85: Task | E85: 8 | F85: Ronak | G85: =$H$81 -> 28 | H85: =$G85+$E85 -> 36 | I85: =WORKDAY(Settings!$D$10,INT($G85/HoursPerDay)+1,Holidays) -> 46225 | J85: =IF($E85=0,$I85,WORKDAY(Settings!$D$10,ROUNDUP($H85/HoursPerDay,0),Holidays)) -> 46226
A86: Execution | B86: 1.3.4.3 | C86: Web Front End | D86: Task | E86: 4 | F86: Soumy | G86: =$H$82 -> 58 | H86: =$G86+$E86 -> 62 | I86: =WORKDAY(Settings!$D$10,INT($G86/HoursPerDay)+1,Holidays) -> 46231 | J86: =IF($E86=0,$I86,WORKDAY(Settings!$D$10,ROUNDUP($H86/HoursPerDay,0),Holidays)) -> 46231
A87: Execution | B87: 1.3.5 | C87: US-19: Save Draft and Submit Slip for Approval | D87: User Story | E87: =SUMIF($D88:$D90,"Task",$E88:$E90) -> 12 | I87: =MIN($I88:$I90) -> 46226 | J87: =MAX($J88:$J90) -> 46232
A88: Execution | B88: 1.3.5.2 | C88: Backend API | D88: Task | E88: 3 | F88: Ronak | G88: =$H$85 -> 36 | H88: =$G88+$E88 -> 39 | I88: =WORKDAY(Settings!$D$10,INT($G88/HoursPerDay)+1,Holidays) -> 46226 | J88: =IF($E88=0,$I88,WORKDAY(Settings!$D$10,ROUNDUP($H88/HoursPerDay,0),Holidays)) -> 46226
A89: Execution | B89: 1.3.5.3 | C89: Web Front End | D89: Task | E89: 3 | F89: Soumy | G89: =$H$86 -> 62 | H89: =$G89+$E89 -> 65 | I89: =WORKDAY(Settings!$D$10,INT($G89/HoursPerDay)+1,Holidays) -> 46231 | J89: =IF($E89=0,$I89,WORKDAY(Settings!$D$10,ROUNDUP($H89/HoursPerDay,0),Holidays)) -> 46232
A90: Execution | B90: 1.3.5.4 | C90: Mobile | D90: Task | E90: 6 | F90: Hardik | G90: =$H$83 -> 58 | H90: =$G90+$E90 -> 64 | I90: =WORKDAY(Settings!$D$10,INT($G90/HoursPerDay)+1,Holidays) -> 46231 | J90: =IF($E90=0,$I90,WORKDAY(Settings!$D$10,ROUNDUP($H90/HoursPerDay,0),Holidays)) -> 46232
A91: Execution | B91: 1.3.6 | C91: US-20: User Views, Edits, and Resubmits Slips from My Submissions | D91: User Story | E91: =SUMIF($D92:$D95,"Task",$E92:$E95) -> 10 | I91: =MIN($I92:$I95) -> 46226 | J91: =MAX($J92:$J95) -> 46232
A92: Execution | B92: 1.3.6.1 | C92: Database | D92: Task | E92: 2 | F92: Ronak | G92: =$H$88 -> 39 | H92: =$G92+$E92 -> 41 | I92: =WORKDAY(Settings!$D$10,INT($G92/HoursPerDay)+1,Holidays) -> 46226 | J92: =IF($E92=0,$I92,WORKDAY(Settings!$D$10,ROUNDUP($H92/HoursPerDay,0),Holidays)) -> 46226
A93: Execution | B93: 1.3.6.2 | C93: Backend API | D93: Task | E93: 3 | F93: Ronak | G93: =$H$92 -> 41 | H93: =$G93+$E93 -> 44 | I93: =WORKDAY(Settings!$D$10,INT($G93/HoursPerDay)+1,Holidays) -> 46226 | J93: =IF($E93=0,$I93,WORKDAY(Settings!$D$10,ROUNDUP($H93/HoursPerDay,0),Holidays)) -> 46227
A94: Execution | B94: 1.3.6.3 | C94: Web Front End | D94: Task | E94: 3 | F94: Soumy | G94: =$H$89 -> 65 | H94: =$G94+$E94 -> 68 | I94: =WORKDAY(Settings!$D$10,INT($G94/HoursPerDay)+1,Holidays) -> 46232 | J94: =IF($E94=0,$I94,WORKDAY(Settings!$D$10,ROUNDUP($H94/HoursPerDay,0),Holidays)) -> 46232
A95: Execution | B95: 1.3.6.4 | C95: Mobile | D95: Task | E95: 2 | F95: Hardik | G95: =$H$90 -> 64 | H95: =$G95+$E95 -> 66 | I95: =WORKDAY(Settings!$D$10,INT($G95/HoursPerDay)+1,Holidays) -> 46232 | J95: =IF($E95=0,$I95,WORKDAY(Settings!$D$10,ROUNDUP($H95/HoursPerDay,0),Holidays)) -> 46232
A96: Execution | B96: 1.3.7 | C96: US-21: Maintain a Project-Wide Labour Slip Feed | D96: User Story | E96: =SUMIF($D97:$D99,"Task",$E97:$E99) -> 12 | I96: =MIN($I97:$I99) -> 46227 | J96: =MAX($J97:$J99) -> 46233
A97: Execution | B97: 1.3.7.1 | C97: Mobile | D97: Task | E97: 4 | F97: Ronak | G97: =$H$93 -> 44 | H97: =$G97+$E97 -> 48 | I97: =WORKDAY(Settings!$D$10,INT($G97/HoursPerDay)+1,Holidays) -> 46227 | J97: =IF($E97=0,$I97,WORKDAY(Settings!$D$10,ROUNDUP($H97/HoursPerDay,0),Holidays)) -> 46227
A98: Execution | B98: 1.3.7.2 | C98: Backend API | D98: Task | E98: 4 | F98: Ronak | G98: =$H$97 -> 48 | H98: =$G98+$E98 -> 52 | I98: =WORKDAY(Settings!$D$10,INT($G98/HoursPerDay)+1,Holidays) -> 46227 | J98: =IF($E98=0,$I98,WORKDAY(Settings!$D$10,ROUNDUP($H98/HoursPerDay,0),Holidays)) -> 46230
A99: Execution | B99: 1.3.7.3 | C99: Web Front End | D99: Task | E99: 4 | F99: Soumy | G99: =$H$94 -> 68 | H99: =$G99+$E99 -> 72 | I99: =WORKDAY(Settings!$D$10,INT($G99/HoursPerDay)+1,Holidays) -> 46232 | J99: =IF($E99=0,$I99,WORKDAY(Settings!$D$10,ROUNDUP($H99/HoursPerDay,0),Holidays)) -> 46233
A100: Execution | B100: 1.4 | C100: Epic 4: Approvals & Cost Intelligence | D100: Epic | E100: =SUMIF($D101:$D125,"Task",$E101:$E125) -> 71 | I100: =MIN($I101:$I125) -> 46230 | J100: =MAX($J101:$J125) -> 46238
...

Sheet Summary
A1: Module-wise Schedule (modules sequential, 3 working-day buffer between modules)
A2: Module | B2: Total Hours | C2: Working Days | D2: Start Date | E2: End Date
A3: Execution | B3: =SUMIFS('All Modules WBS'!$E:$E,'All Modules WBS'!$A:$A,$A3,'All Modules WBS'!$D:$D,"Task") -> 564 | C3: =NETWORKDAYS($D3,$E3,Holidays) -> 22 | D3: ='All Modules WBS'!$I$2 -> 46219 | E3: ='All Modules WBS'!$J$2 -> 46248
A4: Admin | B4: =SUMIFS('All Modules WBS'!$E:$E,'All Modules WBS'!$A:$A,$A4,'All Modules WBS'!$D:$D,"Task") -> 400 | C4: =NETWORKDAYS($D4,$E4,Holidays) -> 16 | D4: ='All Modules WBS'!$I$223 -> 46260 | E4: ='All Modules WBS'!$J$223 -> 46281
A5: Safety | B5: =SUMIFS('All Modules WBS'!$E:$E,'All Modules WBS'!$A:$A,$A5,'All Modules WBS'!$D:$D,"Task") -> 558 | C5: =NETWORKDAYS($D5,$E5,Holidays) -> 23 | D5: ='All Modules WBS'!$I$433 -> 46293 | E5: ='All Modules WBS'!$J$433 -> 46324
A6: P&M | B6: =SUMIFS('All Modules WBS'!$E:$E,'All Modules WBS'!$A:$A,$A6,'All Modules WBS'!$D:$D,"Task") -> 1045 | C6: =NETWORKDAYS($D6,$E6,Holidays) -> 39 | D6: ='All Modules WBS'!$I$620 -> 46336 | E6: ='All Modules WBS'!$J$620 -> 46391
A7: Store | B7: =SUMIFS('All Modules WBS'!$E:$E,'All Modules WBS'!$A:$A,$A7,'All Modules WBS'!$D:$D,"Task") -> 286 | C7: =NETWORKDAYS($D7,$E7,Holidays) -> 10 | D7: ='All Modules WBS'!$I$1010 -> 46401 | E7: ='All Modules WBS'!$J$1010 -> 46415
A8: TOTAL | B8: =SUM(B3:B7) -> 2853 | C8: =NETWORKDAYS(D8,E8,Holidays) -> 138 | D8: =MIN(D3:D7) -> 46219 | E8: =MAX(E3:E7) -> 46415
A10: Developer-wise Hours by Module (developers work in parallel)
A11: Developer | B11: Execution | C11: Admin | D11: Safety | E11: P&M | F11: Store | G11: Total Hours | H11: First Task Start | I11: Last Task End
A12: Parth Jani | B12: =SUMIFS('All Modules WBS'!$E:$E,'All Modules WBS'!$F:$F,$A12,'All Modules WBS'!$A:$A,B$11,'All Modules WBS'!$D:$D,"Task") -> 150 | C12: =SUMIFS('All Modules WBS'!$E:$E,'All Modules WBS'!$F:$F,$A12,'All Modules WBS'!$A:$A,C$11,'All Modules WBS'!$D:$D,"Task") -> 79 | D12: =SUMIFS('All Modules WBS'!$E:$E,'All Modules WBS'!$F:$F,$A12,'All Modules WBS'!$A:$A,D$11,'All Modules WBS'!$D:$D,"Task") -> 110 | E12: =SUMIFS('All Modules WBS'!$E:$E,'All Modules WBS'!$F:$F,$A12,'All Modules WBS'!$A:$A,E$11,'All Modules WBS'!$D:$D,"Task") -> 262 | F12: =SUMIFS('All Modules WBS'!$E:$E,'All Modules WBS'!$F:$F,$A12,'All Modules WBS'!$A:$A,F$11,'All Modules WBS'!$D:$D,"Task") -> 53 | G12: =SUM(B12:F12) -> 654 | H12: ='All Modules WBS'!$I$21 -> 46219 | I12: ='All Modules WBS'!$J$1235 -> 46412
A13: Ronak | B13: =SUMIFS('All Modules WBS'!$E:$E,'All Modules WBS'!$F:$F,$A13,'All Modules WBS'!$A:$A,B$11,'All Modules WBS'!$D:$D,"Task") -> 144 | C13: =SUMIFS('All Modules WBS'!$E:$E,'All Modules WBS'!$F:$F,$A13,'All Modules WBS'!$A:$A,C$11,'All Modules WBS'!$D:$D,"Task") -> 111 | D13: =SUMIFS('All Modules WBS'!$E:$E,'All Modules WBS'!$F:$F,$A13,'All Modules WBS'!$A:$A,D$11,'All Modules WBS'!$D:$D,"Task") -> 151 | E13: =SUMIFS('All Modules WBS'!$E:$E,'All Modules WBS'!$F:$F,$A13,'All Modules WBS'!$A:$A,E$11,'All Modules WBS'!$D:$D,"Task") -> 200 | F13: =SUMIFS('All Modules WBS'!$E:$E,'All Modules WBS'!$F:$F,$A13,'All Modules WBS'!$A:$A,F$11,'All Modules WBS'!$D:$D,"Task") -> 64 | G13: =SUM(B13:F13) -> 670 | H13: ='All Modules WBS'!$I$5 -> 46219 | I13: ='All Modules WBS'!$J$1118 -> 46415
A14: Soumy | B14: =SUMIFS('All Modules WBS'!$E:$E,'All Modules WBS'!$F:$F,$A14,'All Modules WBS'!$A:$A,B$11,'All Modules WBS'!$D:$D,"Task") -> 147 | C14: =SUMIFS('All Modules WBS'!$E:$E,'All Modules WBS'!$F:$F,$A14,'All Modules WBS'!$A:$A,C$11,'All Modules WBS'!$D:$D,"Task") -> 100 | D14: =SUMIFS('All Modules WBS'!$E:$E,'All Modules WBS'!$F:$F,$A14,'All Modules WBS'!$A:$A,D$11,'All Modules WBS'!$D:$D,"Task") -> 138 | E14: =SUMIFS('All Modules WBS'!$E:$E,'All Modules WBS'!$F:$F,$A14,'All Modules WBS'!$A:$A,E$11,'All Modules WBS'!$D:$D,"Task") -> 268 | F14: =SUMIFS('All Modules WBS'!$E:$E,'All Modules WBS'!$F:$F,$A14,'All Modules WBS'!$A:$A,F$11,'All Modules WBS'!$D:$D,"Task") -> 56 | G14: =SUM(B14:F14) -> 709 | H14: ='All Modules WBS'!$I$7 -> 46219 | I14: ='All Modules WBS'!$J$1124 -> 46412
A15: Hardik | B15: =SUMIFS('All Modules WBS'!$E:$E,'All Modules WBS'!$F:$F,$A15,'All Modules WBS'!$A:$A,B$11,'All Modules WBS'!$D:$D,"Task") -> 123 | C15: =SUMIFS('All Modules WBS'!$E:$E,'All Modules WBS'!$F:$F,$A15,'All Modules WBS'!$A:$A,C$11,'All Modules WBS'!$D:$D,"Task") -> 110 | D15: =SUMIFS('All Modules WBS'!$E:$E,'All Modules WBS'!$F:$F,$A15,'All Modules WBS'!$A:$A,D$11,'All Modules WBS'!$D:$D,"Task") -> 159 | E15: =SUMIFS('All Modules WBS'!$E:$E,'All Modules WBS'!$F:$F,$A15,'All Modules WBS'!$A:$A,E$11,'All Modules WBS'!$D:$D,"Task") -> 248 | F15: =SUMIFS('All Modules WBS'!$E:$E,'All Modules WBS'!$F:$F,$A15,'All Modules WBS'!$A:$A,F$11,'All Modules WBS'!$D:$D,"Task") -> 45 | G15: =SUM(B15:F15) -> 685 | H15: ='All Modules WBS'!$I$8 -> 46219 | I15: ='All Modules WBS'!$J$1237 -> 46409
A16: Inderjeet | B16: =SUMIFS('All Modules WBS'!$E:$E,'All Modules WBS'!$F:$F,$A16,'All Modules WBS'!$A:$A,B$11,'All Modules WBS'!$D:$D,"Task") -> 0 | C16: =SUMIFS('All Modules WBS'!$E:$E,'All Modules WBS'!$F:$F,$A16,'All Modules WBS'!$A:$A,C$11,'All Modules WBS'!$D:$D,"Task") -> 0 | D16: =SUMIFS('All Modules WBS'!$E:$E,'All Modules WBS'!$F:$F,$A16,'All Modules WBS'!$A:$A,D$11,'All Modules WBS'!$D:$D,"Task") -> 0 | E16: =SUMIFS('All Modules WBS'!$E:$E,'All Modules WBS'!$F:$F,$A16,'All Modules WBS'!$A:$A,E$11,'All Modules WBS'!$D:$D,"Task") -> 67 | F16: =SUMIFS('All Modules WBS'!$E:$E,'All Modules WBS'!$F:$F,$A16,'All Modules WBS'!$A:$A,F$11,'All Modules WBS'!$D:$D,"Task") -> 68 | G16: =SUM(B16:F16) -> 135 | H16: ='All Modules WBS'!$I$645 -> 46336 | I16: ='All Modules WBS'!$J$1236 -> 46415
A17: TOTAL | B17: =SUM(B12:B16) -> 564 | C17: =SUM(C12:C16) -> 400 | D17: =SUM(D12:D16) -> 558 | E17: =SUM(E12:E16) -> 1045 | F17: =SUM(F12:F16) -> 286 | G17: =SUM(G12:G16) -> 2853
